Brand,Description
FLEURS,FLEURS Bouquet de mimosa
N/A,Poireaux botte
NUTELLA,NUTELLA Pâte à tartiner aux noisettes
LEFFE,LEFFE Bière blonde 6.6% bouteilles
SUN,SUN Tout en 1 lave vaisselle
RIGONI DI ASIAGO,RIGONI DI ASIAGO Nocciolata bio pâte à tartiner au cacao et noisettes
GILLETTE,GILLETTE ProGlide Recharges lames de rasoir
HEAD & SHOULDERS,HEAD & SHOULDERS Shampooing classic antipelliculaire
ELSEVE,ELSEVE Color Vive Shampooing soin protection couleur
KARMELIET,KARMELIET Bière blonde triple 8.4%
KINDER,KINDER Maxi barres chocolatées
LIPTON,LIPTON Infusion saveurs du soir grand sud réglisse menthe
LIPTON,LIPTON Thé noir russian earl grey bio
ELEPHANT,ELEPHANT Infusion bio verveine menthe
